id_muestra,fecha_ingreso,nombre_muestra,tipo_matriz,proyecto_solicitante,almacenamiento
AMB-260927-1027,Sun Sep 27 2026 10:27:00 GMT-0300 (Argentina Standard Time),Suelo RN,suelo,Municipio,heladera_refrigerados
AMB-260927-1046,Sun Sep 27 2026 10:46:00 GMT-0300 (Argentina Standard Time),Agua,agua,CABA,temperatura_ambiente
AMB-260928-1050,Mon Sep 28 2026 10:50:00 GMT-0300 (Argentina Standard Time),Agua 2026,agua,Municipio,congelador
AGU-260929-1110,Tue Sep 29 2026 11:10:00 GMT-0300 (Argentina Standard Time),SUELO RN,agua,CABA,heladera_refrigerados
AMB-260929-1124,Tue Sep 29 2026 11:24:00 GMT-0300 (Argentina Standard Time),AGUA 2026,agua,UNIVERSIDAD,heladera_refrigerados
AGU-260929-1125,Tue Sep 29 2026 11:25:00 GMT-0300 (Argentina Standard Time),agua,agua,mUNIO,heladera_refrigerados
AIR-260929-1132,Tue Sep 29 2026 11:32:00 GMT-0300 (Argentina Standard Time),AIRE,aire,UNIVERSIDAD,temperatura_ambiente
AIR-260929-1133,Tue Sep 29 2026 11:33:00 GMT-0300 (Argentina Standard Time),aire,aire,caba,temperatura_ambiente
SUE-260929-1133,Tue Sep 29 2026 11:33:00 GMT-0300 (Argentina Standard Time),suelo rn,suelo,,heladera_refrigerados
AGU-260929-1643,Tue Sep 29 2026 16:43:00 GMT-0300 (Argentina Standard Time),agua,agua,municipio,congelador
AGU-260929-1643,Tue Sep 29 2026 16:43:00 GMT-0300 (Argentina Standard Time),AGUA,agua,MUNICIPIO,congelador
S/N,Tue Oct 06 2026 13:22:00 GMT-0300 (Argentina Standard Time),{"_id":887265515,"formhub/uuid":"d34b996ec2ca45e1acd3ab227776554d","fecha_ensayo":"2026-10-06T13:21:52.280-03:00","muestra_id":"AGU-260929-1643","responsable_analisis":"JUAN","tipo_ensayo":"fisico_quimico","resultado_principal":"4","estado_final":"agotada","__version__":"vueuwGcsKVx3yJW556Ax7L","meta/instanceID":"uuid:c60fd54d-25af-4840-b0d1-7a10d85a182a","_xform_id_string":"a7xrpGbvEdQcFar3NRUY2b","_uuid":"c60fd54d-25af-4840-b0d1-7a10d85a182a","meta/rootUuid":"uuid:c60fd54d-25af-4840-b0d1-7a10d85a182a","_attachments":[],"_status":"submitted_via_web","_geolocation":[null,null],"_submission_time":"2026-10-06T16:22:02","_validation_status":{},"_submitted_by":null},,,